group,week_number,product_id,prediction
A,127,1115,0.04606451612903223
A,127,1115,0.04606451612903223
A,127,1115,0.04606451612903223
A,127,1114,0.1388764752163651
A,127,1115,0.04606451612903223
A,127,1116,0.08136900078678207
A,127,1117,-0.01257907159716759
